transaction_id,reason,note
HS41Q0421K11OZP21042026125000,manual_exclusion,причина не задокументована; перенесено зі stg_pb_transactions
4623156143,manual_exclusion,причина не задокументована; перенесено зі stg_pb_transactions
4591939239,manual_exclusion,причина не задокументована; перенесено зі stg_pb_transactions
4782225276,manual_exclusion,причина не задокументована; перенесено зі stg_pb_transactions
4636638387,manual_exclusion,причина не задокументована; перенесено зі stg_pb_transactions
4636630375,manual_exclusion,причина не задокументована; перенесено зі stg_pb_transactions
4636636361,manual_exclusion,причина не задокументована; перенесено зі stg_pb_transactions
JBKLQ46ODKLZ9UP06042026112600,manual_exclusion,причина не задокументована; перенесено зі stg_pb_transactions
4550364873,manual_exclusion,причина не задокументована; перенесено зі stg_pb_transactions
JBKLQ46ODKLZM0P06042026112600,manual_exclusion,причина не задокументована; перенесено зі stg_pb_transactions
3344512823,manual_exclusion,причина не задокументована; перенесено з int_finance_card
